{"cameraMode":{"drawMode":0,"name":"Shaded","section":"Shading Mode"},"sceneLighting":true,"audioPlay":false,"sceneViewState":{"m_AlwaysRefresh":false,"showFog":true,"showSkybox":true,"showFlares":true,"showImageEffects":true,"showParticleSystems":true,"showVisualEffectGraphs":true,"m_FxEnabled":true},"in2DMode":false,"pivot":{"x":270.0553283691406,"y":168.37716674804688,"z":193.59317016601563},"rotation":{"x":0.07075057923793793,"y":-0.0015010304050520063,"z":0.00010679886327125132,"w":0.9974958300590515},"size":173.97915649414063,"orthographic":false}