{"cameraMode":{"drawMode":0,"name":"Shaded","section":"Shading Mode"},"sceneLighting":true,"audioPlay":false,"sceneViewState":{"m_AlwaysRefresh":false,"showFog":true,"showSkybox":false,"showFlares":true,"showImageEffects":true,"showParticleSystems":true,"showVisualEffectGraphs":true,"m_FxEnabled":true},"in2DMode":false,"pivot":{"x":337.43695068359377,"y":224.7504119873047,"z":-0.478302001953125},"rotation":{"x":-0.001190069247968495,"y":-0.024002529680728914,"z":-0.00002820528970914893,"w":0.9997146129608154},"size":238.35055541992188,"orthographic":false}